{
	"system" : {
		"platform" : "windows64",
		"os_name" : "Windows 10",
		"os_version" : "10.0"
	},
	"error" : {
		"executable" : "quartus",
		"comment" : "not_applicable",
		"error_message" : "Access Violation at 0X00007FFB75AB1D1D",
		"source_file" : "unknown",
		"line" : "0",
		"stack_trace" : "\t0x7ffb75ab1d1c: ntdll + 0x21d1c (RtlEnterCriticalSection + 0xc)\n\t0x7ffb3583226a: wintab32 + 0x226a (Ordinal998 + 0x226a)\n\t0x7ffb3583101c: wintab32 + 0x101c (Ordinal998 + 0x101c)\n\t0x7ffb358391a3: wintab32 + 0x91a3 (WTMgrCsrPressureBtnMarksEx + 0x793)\n\t0x7ffb75ab8dde: ntdll + 0x28dde (RtlActivateActivationContextUnsafeFast + 0x12e)\n\t0x7ffb75ae1775: ntdll + 0x51775 (LdrShutdownProcess + 0x175)\n\t0x7ffb75ae136c: ntdll + 0x5136c (RtlExitUserProcess + 0xac)\n\t0x7ffb73987cca: KERNEL32 + 0x17cca (ExitProcess + 0xa)\n\t0x7ffb57be29a6: MSVCR120 + 0x229a6 (_initterm_e + 0x21a)\n\t0x7ff6c5f51e6f: quartus + 0x1e6f (__tmainCRTStartup + 0x15f)\n\t0x7ffb7398244c: KERNEL32 + 0x1244c (BaseThreadInitThunk + 0x1c)\n\t0x7ffb75aedfb7: ntdll + 0x5dfb7 (RtlUserThreadStart + 0x27)\n",
		"subsystem" : "unknown"
	},
	"quartus" : {
		"quartus_bits" : "64",
		"version" : "18.1.0",
		"build" : "625",
		"edition" : "Lite Edition"
	}
}